스타벅스,카페
투썸,카페
커피,카페
메가,카페
GS25,편의점
CU,편의점
세븐일레븐,편의점
배달의민족,식비
요기요,식비
다이소,생활
택시,교통
KT,통신비
SKT,통신비
아이스,간식
노래방,오락
피시방,오락
피씨방,오락
피씨카페,오락
노래연습장,오락
코인노래,오락
의원,병원
병원,병원
내과,병원
외과,병원
안과,병원
치과,병원
피부과,병원
정신과,병원
이비인후과,병원
약국,병원
베이커리,간식
스튜디오,오락
PC,오락
국군복지단,쇼핑
파리바게뜨,간식
맥도날드,식비
롯데리아,식비
버거킹,식비
맘스터치,식비
KFC,식비
케이에프씨,식비
카츠,식비
설빙,간식
씨유,편의점
핵밥,식비
식당,식비
지에스,편의점
월회비,멤버십
양꼬치,식비
케밥,식비
서브웨이,식비
이삭토스트,식비
한솥,식비
봉구스,식비
아웃백,식비
빕스,식비
애슐리,식비
케밥,식비
중국집,식비
김밥,식비
떡볶이,식비
돈까스,식비
초밥,식비
스시,식비
우동,식비
라멘,식비
마라탕,식비
탕후루,식비
짜장,식비
짬뽕,식비
파스타,식비
피자,식비
치킨,식비
족발,식비
보쌈,식비
곱창,식비
삼겹살,식비
갈비,식비
한우,식비
냉면,식비
국밥,식비
해장국,식비
부대찌개,식비
식당,식비
회관,식비
면옥,식비
가든,식비
반점,식비
횟집,식비
주막,식비
포차,식비
비스트로,식비
키친,식비
푸드,식비
밥상,식비
이디야,카페
빽다방,카페
컴포즈,카페
공차,카페
설빙,카페
베스킨,카페
던킨,카페
사우나,여가
목욕탕,여가
찜질방,여가
스파,여가
한증막,여가
온천,여가
불가마,여가
아쿠아필드,여가
홈플러스,장보기
이마트,장보기
롯데마트,장보기
코스트코,장보기
트레이더스,장보기
노브랜드,장보기
하나로마트,장보기
농협하나로,장보기
GS더프레시,장보기
롯데슈퍼,장보기
홈플러스익스프레스,장보기
이마트에브리데이,장보기
탑마트,장보기
식자재마트,장보기
동네마트,장보기
청과,장보기
야채,장보기
정육점,장보기
축산,장보기
수산,장보기
SSG,장보기
쓱배송,장보기
쿠팡프레시,장보기
오아시스,장보기
B마트,장보기
요마트,장보기
컬리,장보기
쿠팡이츠,식비